name,description,deadline,employee_id,assigned,project_related
Task 1,Implement Security Measures for Application,2024-03-15 14:00:00,20,22,1
Task 2,Optimize Backend API for Improved Performance,2024-03-31 16:30:00,6,22,1
Task 3,Develop Backend Logic for Core Functionality,2024-04-10 12:00:00,8,22,1
Task 4,Enhance Frontend Design for Better User Experience,2024-04-20 10:00:00,9,22,1
Task 5,Conduct Comprehensive Testing of New Features,2024-05-05 15:30:00,16,22,1
Task 6,Implement Security Protocols for Cloud Environment,2024-05-20 13:45:00,20,22,1
Task 7,Set Up Automated Deployment Pipeline,2024-04-05 11:00:00,7,24,2
Task 8,Coordinate Project Kickoff Meeting,2024-03-01 09:00:00,24,24,2
Task 9,Develop Backend Logic for Core Functionality,2024-03-25 17:00:00,7,24,2
Task 10,Implement Cloud Infrastructure for Scalability,2024-04-15 14:30:00,10,24,2
Task 11,Execute Comprehensive Testing of Cloud Infrastructure,2024-05-01 10:45:00,17,24,2
Task 12,Develop Security Protocols for Cloud Environment,2024-05-10 12:30:00,21,24,2
Task 13,Conduct DevOps Workshop for Team,2024-04-10 11:15:00,10,24,2
Task 14,Review and Optimize Database Queries,2024-03-20 14:00:00,15,1
Task 15,Enhance Network Security Protocols,2024-03-20 14:30:00,13,2
Task 16,Conduct Usability Testing for Web Application,2024-03-20 15:00:00,23,3
Task 17,Review and Update Cybersecurity Policies,2024-03-20 15:30:00,21,4
Task 18,Coordinate Team Training on New Management Practices,2024-03-20 16:00:00,25,5
